{"cameraMode":{"drawMode":0,"name":"Shaded","section":"Shading Mode"},"sceneLighting":false,"audioPlay":false,"sceneViewState":{"showFog":true,"showMaterialUpdate":false,"showSkybox":false,"showFlares":true,"showImageEffects":true,"showParticleSystems":true},"in2DMode":false,"pivot":{"x":0.025000005960464479,"y":0.017999999225139619,"z":-0.27900001406669619},"rotation":{"x":-0.15714524686336518,"y":-0.011260650120675564,"z":0.0017919952515512705,"w":-0.9875097274780273},"size":0.47296369075775149,"orthographic":false}