{"cameraMode":{"drawMode":0,"name":"Shaded","section":"Shading Mode"},"sceneLighting":false,"audioPlay":false,"sceneViewState":{"showFog":true,"showMaterialUpdate":false,"showSkybox":false,"showFlares":true,"showImageEffects":true,"showParticleSystems":true},"in2DMode":false,"pivot":{"x":-0.6568731665611267,"y":-0.07321958988904953,"z":-0.28945910930633547},"rotation":{"x":-0.09118752926588059,"y":-0.5968018174171448,"z":0.06851918995380402,"w":-0.7942402362823486},"size":0.6756624579429627,"orthographic":false}