{"cameraMode":{"drawMode":0,"name":"Shaded","section":"Shading Mode"},"sceneLighting":false,"audioPlay":false,"sceneViewState":{"showFog":true,"showMaterialUpdate":false,"showSkybox":false,"showFlares":true,"showImageEffects":true,"showParticleSystems":true},"in2DMode":false,"pivot":{"x":0.04100000113248825,"y":0.059223473072052,"z":-0.28999999165534975},"rotation":{"x":-0.12371352314949036,"y":-0.48943156003952029,"z":0.07037774473428726,"w":-0.8603480458259583},"size":22.0,"orthographic":false}