{"cameraMode":{"drawMode":0,"name":"Shaded","section":"Shading Mode"},"sceneLighting":false,"audioPlay":false,"sceneViewState":{"showFog":true,"showMaterialUpdate":false,"showSkybox":false,"showFlares":true,"showImageEffects":true,"showParticleSystems":true},"in2DMode":false,"pivot":{"x":-5.365612030029297,"y":-1.2588839530944825,"z":10.911611557006836},"rotation":{"x":-0.05427879840135574,"y":-0.014696494676172734,"z":0.000798929831944406,"w":-0.9984173774719238},"size":11.994133949279786,"orthographic":false}