{"cameraMode":{"drawMode":0,"name":"Shaded","section":"Shading Mode"},"sceneLighting":false,"audioPlay":false,"sceneViewState":{"showFog":true,"showMaterialUpdate":false,"showSkybox":false,"showFlares":true,"showImageEffects":true,"showParticleSystems":true},"in2DMode":false,"pivot":{"x":-0.44000154733657839,"y":-0.14747893810272218,"z":2.5},"rotation":{"x":-0.0759655311703682,"y":-0.14132285118103028,"z":0.010877319611608982,"w":-0.9869847297668457},"size":1.5080682039260865,"orthographic":false}