{"cameraMode":{"drawMode":0,"name":"Shaded","section":"Shading Mode"},"sceneLighting":true,"audioPlay":false,"sceneViewState":{"showFog":true,"showMaterialUpdate":false,"showSkybox":true,"showFlares":true,"showImageEffects":true,"showParticleSystems":true},"in2DMode":false,"pivot":{"x":-1.412040114402771,"y":0.018695682287216188,"z":-0.005358099937438965},"rotation":{"x":-0.08870431035757065,"y":-0.4446271061897278,"z":0.044304799288511279,"w":-0.8902108669281006},"size":1.5080682039260865,"orthographic":false}