{"cameraMode":{"drawMode":0,"name":"Shaded","section":"Shading Mode"},"sceneLighting":false,"audioPlay":false,"sceneViewState":{"showFog":true,"showMaterialUpdate":false,"showSkybox":false,"showFlares":true,"showImageEffects":true,"showParticleSystems":true},"in2DMode":false,"pivot":{"x":0.0,"y":0.046000003814697269,"z":0.3720000982284546},"rotation":{"x":-0.17057333886623383,"y":-0.5928066968917847,"z":0.13026873767375947,"w":-0.7762184143066406},"size":12.06302547454834,"orthographic":false}