{"cameraMode":{"drawMode":0,"name":"Shaded","section":"Shading Mode"},"sceneLighting":true,"audioPlay":false,"sceneViewState":{"showFog":true,"showMaterialUpdate":false,"showSkybox":false,"showFlares":true,"showImageEffects":true,"showParticleSystems":true},"in2DMode":false,"pivot":{"x":-66.95529174804688,"y":-9.63742733001709,"z":-3.0851120948791506},"rotation":{"x":0.06684889644384384,"y":-0.7255240678787231,"z":0.07119489461183548,"w":0.681232213973999},"size":71.2804183959961,"orthographic":false}