{"cameraMode":{"drawMode":0,"name":"Shaded","section":"Shading Mode"},"sceneLighting":false,"audioPlay":false,"sceneViewState":{"showFog":true,"showMaterialUpdate":false,"showSkybox":false,"showFlares":true,"showImageEffects":true,"showParticleSystems":true},"in2DMode":false,"pivot":{"x":0.04067039489746094,"y":0.1275482177734375,"z":0.0},"rotation":{"x":0.06394069641828537,"y":0.0798468142747879,"z":0.005132446996867657,"w":-0.9947410821914673},"size":58.157554626464847,"orthographic":false}